timestamp,Right Hand X Position,Right Hand Y Position,Right Hand Z Position,Left Hand X Position,Left Hand Y Position,Left Hand Z Position
1.60641E+15,0.298855,-0.0181089,1.1188,-0.263774,0.0677405,1.05737
1.60641E+15,0.295049,0.0293509,1.13572,-0.32795,0.0777973,1.11762
1.60641E+15,0.280775,0.0516091,1.17003,-0.287415,0.0580125,1.18631
1.60641E+15,0.261687,0.0683703,1.20468,-0.320139,0.0281401,1.1952
1.60641E+15,0.25203,0.0784204,1.22897,-0.344258,0.0666254,1.22428
1.60641E+15,0.232243,0.0875536,1.25784,-0.343574,0.0728639,1.23807
1.60641E+15,0.225408,0.077286,1.26357,-0.335202,0.101451,1.27556
1.60641E+15,0.223264,0.0877709,1.27826,-0.333276,0.0993377,1.27942
1.60641E+15,0.218773,0.07668,1.27961,-0.328157,0.0991023,1.28522
1.60641E+15,0.217479,0.0739826,1.28087,-0.326542,0.100213,1.28748
1.60641E+15,0.216114,0.0804521,1.2885,-0.316776,0.119281,1.31815
1.60641E+15,0.215075,0.0848148,1.29288,-0.317068,0.118644,1.31795
1.60641E+15,0.213578,0.0789651,1.29207,-0.317634,0.118002,1.31765
1.60641E+15,0.213696,0.0765395,1.29183,-0.329036,0.0990363,1.28914
1.60641E+15,0.213053,0.0751337,1.29175,-0.329734,0.100329,1.28996
1.60641E+15,0.212885,0.0735478,1.29181,-0.33032,0.101352,1.29066
1.60641E+15,0.209578,0.0953303,1.3042,-0.330471,0.102674,1.29131
1.60641E+15,0.208318,0.0957179,1.30397,-0.330424,0.103711,1.29171
1.60641E+15,0.210987,0.0971144,1.3048,-0.329672,0.105401,1.29243
1.60641E+15,0.20891,0.0974391,1.30372,-0.329623,0.106283,1.29237
1.60641E+15,0.212515,0.0982263,1.30494,-0.329538,0.107127,1.29242
1.60641E+15,0.212855,0.0985733,1.30518,-0.328796,0.107883,1.29278
1.60641E+15,0.213005,0.0989661,1.30547,-0.327713,0.109653,1.29352
1.60641E+15,0.213085,0.0991741,1.30569,-0.327279,0.110297,1.29367
1.60641E+15,0.214189,0.0995557,1.30618,-0.326583,0.111477,1.29406
1.60641E+15,0.214335,0.0992256,1.30602,-0.32516,0.111477,1.29391
1.60641E+15,0.214429,0.0989999,1.3059,-0.324337,0.111718,1.29402
1.60641E+15,0.214657,0.0998913,1.30564,-0.32409,0.111837,1.29393
1.60641E+15,0.214742,0.0999383,1.30546,-0.323973,0.111837,1.29391
1.60641E+15,0.214719,0.100956,1.30525,-0.323747,0.111936,1.29412
1.60641E+15,0.214581,0.101095,1.30456,-0.323552,0.111913,1.29455
1.60641E+15,0.214459,0.101983,1.30448,-0.323362,0.112053,1.29541
1.60641E+15,0.214424,0.102691,1.30413,-0.324445,0.111497,1.29545
1.60641E+15,0.214481,0.102902,1.30373,-0.325636,0.11073,1.29527
1.60641E+15,0.214796,0.104984,1.30739,-0.326425,0.110863,1.29559
1.60641E+15,0.215405,0.106958,1.30765,-0.327156,0.111383,1.29596
1.60641E+15,0.216134,0.10859,1.30697,-0.327437,0.113139,1.29709
1.60641E+15,0.216519,0.109538,1.30557,-0.327866,0.114325,1.29773
1.60641E+15,0.216844,0.109517,1.3042,-0.328553,0.114727,1.29798
1.60641E+15,0.216184,0.111067,1.30031,-0.328915,0.115359,1.29922
1.60641E+15,0.214247,0.112941,1.29369,-0.32913,0.116103,1.29969
1.60641E+15,0.211809,0.116223,1.2767,-0.342715,0.0950912,1.2764
1.60641E+15,0.185341,0.0755239,1.24057,-0.332889,0.113873,1.2839
1.60641E+15,0.151601,0.0744885,1.23156,-0.332688,0.092671,1.24457
1.60641E+15,0.0880899,0.112721,1.24012,-0.329137,0.0922435,1.21949
1.60641E+15,0.0605195,0.0682504,1.21321,-0.308626,0.112357,1.18099
1.60641E+15,0.0795483,-0.0145348,1.18655,-0.302152,0.117538,1.12086
1.60641E+15,0.0438877,0.00987583,1.17885,-0.277328,0.0324922,1.06861
1.60641E+15,0.0340182,-0.0113768,1.17721,-0.250979,-0.0263437,1.01758
1.60641E+15,-0.0347501,0.0195838,1.18312,-0.250847,-0.0539644,0.964247
1.60641E+15,0.00474569,-0.0115678,1.16587,-0.235157,-0.134379,1.01152
1.60641E+15,0.00305835,-0.00559177,1.16873,-0.177819,-0.20912,0.959593
1.60641E+15,0.00340053,-0.00271579,1.17098,-0.265367,-0.268536,1.04549
1.60641E+15,0.0102111,-0.0104415,1.16933,-0.25396,-0.281733,1.03688
1.60641E+15,0.00168048,0.00110395,1.16776,-0.27731,-0.296729,1.07171
1.60641E+15,0.00186827,0.00154367,1.16609,-0.2476,-0.321828,1.01936
1.60641E+15,0.00101622,0.003107,1.16409,-0.247454,-0.333844,1.01227
1.60641E+15,-0.0127446,0.0196949,1.1533,-0.248076,-0.340068,1.01129
1.60641E+15,-0.0137096,0.02051,1.15138,-0.246712,-0.341849,1.01109
1.60641E+15,-0.0146419,0.0214232,1.14988,-0.245493,-0.344069,1.00834
1.60641E+15,-0.0150873,0.0220288,1.14919,-0.244621,-0.341898,1.01154
1.60641E+15,-0.0158353,0.0225127,1.14837,-0.243446,-0.344038,1.00795
1.60641E+15,-0.0177695,0.0235689,1.14659,-0.242893,-0.345775,1.00577
1.60641E+15,-0.0191599,0.0239916,1.14534,-0.241574,-0.346943,1.00419
1.60641E+15,-0.0201119,0.0244919,1.14444,-0.240729,-0.347361,1.00459
1.60641E+15,-0.02115,0.0249862,1.14349,-0.240026,-0.347842,1.00506
1.60641E+15,-0.022114,0.0251831,1.14266,-0.239384,-0.348079,1.00551
1.60641E+15,-0.0200685,0.0227016,1.1452,-0.238735,-0.348323,1.00598
1.60641E+15,-0.0199919,0.0221346,1.14529,-0.238239,-0.349002,1.00511
1.60641E+15,-0.01819,0.019107,1.14715,-0.237919,-0.34935,1.00452
1.60641E+15,-0.0128291,0.0103119,1.14913,-0.240203,-0.34919,1.00629
1.60641E+15,0.00129653,0.00507802,1.1845,-0.241337,-0.348996,1.00701
1.60641E+15,0.0012689,-0.00317151,1.17886,-0.239845,-0.350108,1.00462
1.60641E+15,-0.00333593,-0.00507876,1.16491,-0.240004,-0.350344,1.00578
1.60641E+15,0.0103248,0.0126542,1.15884,-0.24093,-0.351635,1.00777
1.60641E+15,0.0310892,0.0254809,1.1584,-0.246161,-0.345884,1.0214
1.60641E+15,0.053142,0.0378002,1.16075,-0.249554,-0.342934,1.02899
1.60641E+15,0.0798509,0.0499173,1.16096,-0.250838,-0.336792,1.03771
1.60641E+15,0.145772,0.0654341,1.16941,-0.250784,-0.334045,1.04101
1.60641E+15,0.15399,0.0728189,1.17856,-0.250373,-0.334302,1.03968
1.60641E+15,0.171262,0.112928,1.20732,-0.24665,-0.347423,1.01835
1.60641E+15,0.185641,0.107867,1.2199,-0.247475,-0.347533,1.01883
1.60641E+15,0.202644,0.103871,1.23752,-0.248977,-0.345002,1.02382
1.60641E+15,0.209124,0.101187,1.24961,-0.248526,-0.346175,1.02205
1.60641E+15,0.215559,0.0987439,1.26104,-0.248173,-0.347363,1.02025
1.60641E+15,0.219013,0.0984709,1.26787,-0.248844,-0.346375,1.02192
1.60641E+15,0.2213,0.0985026,1.27148,-0.248007,-0.348158,1.01876
1.60641E+15,0.224219,0.0974653,1.27715,-0.247947,-0.348273,1.01841
1.60641E+15,0.225722,0.0966764,1.28099,-0.247205,-0.349604,1.01646
1.60641E+15,0.226622,0.0960815,1.28312,-0.246779,-0.350519,1.01514
1.60641E+15,0.235263,0.0637666,1.27525,-0.24656,-0.350201,1.01516
1.60641E+15,0.227432,0.111438,1.28783,-0.245675,-0.351271,1.0132
1.60641E+15,0.237711,0.0630596,1.27612,-0.247623,-0.346677,1.02069
1.60641E+15,0.238032,0.0628387,1.27633,-0.246158,-0.346098,1.01997
1.60641E+15,0.230142,0.0946767,1.28843,-0.245713,-0.346196,1.01972
1.60641E+15,0.230357,0.0944342,1.28846,-0.245418,-0.346161,1.01973
1.60641E+15,0.230691,0.0941827,1.28849,-0.245245,-0.346094,1.01985
1.60641E+15,0.231994,0.0938941,1.28877,-0.246471,-0.343222,1.02444
1.60641E+15,0.231757,0.115325,1.2919,-0.24638,-0.343464,1.02419
1.60641E+15,0.232526,0.11614,1.29231,-0.246451,-0.343601,1.02418
1.60641E+15,0.232705,0.116385,1.29242,-0.247584,-0.341123,1.02836
1.60641E+15,0.233041,0.116777,1.29259,-0.248416,-0.340198,1.03035
1.60641E+15,0.233211,0.116953,1.29261,-0.248233,-0.3412,1.02884
1.60641E+15,0.233316,0.117143,1.29265,-0.248142,-0.341884,1.02784
1.60641E+15,0.233428,0.117316,1.29262,-0.248505,-0.340909,1.0294
1.60641E+15,0.233601,0.117576,1.29264,-0.248234,-0.341976,1.02784
1.60641E+15,0.233707,0.117898,1.29265,-0.248032,-0.342796,1.02649
1.60641E+15,0.233811,0.118214,1.29257,-0.248045,-0.343143,1.02616
1.60641E+15,0.233862,0.118315,1.29249,-0.248053,-0.343302,1.02611
1.60641E+15,0.233847,0.118362,1.2923,-0.247941,-0.343599,1.02573
1.60641E+15,0.233828,0.118453,1.29197,-0.247864,-0.343826,1.02543
1.60641E+15,0.234019,0.11885,1.29102,-0.247901,-0.343888,1.02548
1.60641E+15,0.234369,0.118517,1.28617,-0.247974,-0.343958,1.02557
1.60641E+15,0.240314,0.0931064,1.26327,-0.248075,-0.343908,1.02572
1.60641E+15,0.243133,0.110095,1.23089,-0.249009,-0.341317,1.02987
1.60641E+15,0.25316,0.104488,1.18174,-0.248846,-0.341824,1.02912
1.60641E+15,0.260544,0.0840754,1.12952,-0.24825,-0.343282,1.02664
1.60641E+15,0.276697,0.052795,1.07323,-0.247294,-0.345066,1.0234
1.60641E+15,0.276142,0.00310369,1.0217,-0.246909,-0.345914,1.02196
1.60641E+15,0.270556,-0.0529497,0.97721,-0.246743,-0.346222,1.02136
1.60641E+15,0.256092,-0.116199,0.947014,-0.246367,-0.346621,1.02051
1.60641E+15,0.244218,-0.185085,0.928745,-0.246036,-0.347121,1.01971
1.60641E+15,0.214011,-0.226613,0.88764,-0.245668,-0.347469,1.01931
1.60641E+15,0.215172,-0.276482,0.882253,-0.244714,-0.347524,1.01868
1.60641E+15,0.208972,-0.324244,0.914325,-0.243595,-0.348362,1.01659
1.60641E+15,0.193327,-0.350034,0.947267,-0.24274,-0.34878,1.01432
1.60641E+15,0.187132,-0.368311,1.0103,-0.2425,-0.348517,1.01272
1.60641E+15,0.18334,-0.373011,1.02354,-0.242127,-0.346778,1.0107
1.60641E+15,0.184142,-0.380246,1.01685,-0.240842,-0.34528,1.00806
1.60641E+15,0.183481,-0.381491,1.01615,-0.213516,-0.347458,0.938844
1.60641E+15,0.183194,-0.382418,1.01587,-0.214317,-0.346991,0.939589
1.60641E+15,0.183502,-0.383334,1.01532,-0.21472,-0.346523,0.939866
1.60641E+15,0.183925,-0.384028,1.01484,-0.214968,-0.345983,0.939719
1.60641E+15,0.18477,-0.383024,1.01595,-0.21511,-0.345235,0.939174
1.60641E+15,0.185795,-0.384119,1.01474,-0.215042,-0.344341,0.938406
1.60641E+15,0.187286,-0.383619,1.01494,-0.214374,-0.34326,0.936988
1.60641E+15,0.187161,-0.384922,1.01426,-0.212905,-0.342048,0.935455
1.60641E+15,0.186948,-0.385541,1.01458,-0.21185,-0.341189,0.934673
1.60641E+15,0.187471,-0.386102,1.01436,-0.210868,-0.340566,0.934002
1.60641E+15,0.187491,-0.385696,1.01517,-0.209916,-0.340049,0.933341
1.60641E+15,0.18778,-0.385431,1.01601,-0.208731,-0.339592,0.932729
1.60641E+15,0.188294,-0.385405,1.01659,-0.208109,-0.339388,0.93268
1.60641E+15,0.188976,-0.386347,1.01731,-0.207578,-0.33935,0.932728
1.60641E+15,0.189913,-0.386005,1.01899,-0.206789,-0.339371,0.93314
1.60641E+15,0.188731,-0.376012,1.04127,-0.206026,-0.339518,0.934089
1.60641E+15,0.192782,-0.389097,1.02384,-0.205097,-0.34,0.935336
1.60641E+15,0.193601,-0.377959,1.05118,-0.204082,-0.340901,0.937549
1.60641E+15,0.197192,-0.396095,1.03132,-0.203078,-0.342469,0.941415
1.60641E+15,0.199916,-0.402195,1.03598,-0.202821,-0.344382,0.946341
1.60641E+15,0.197948,-0.387187,1.07029,-0.203037,-0.346895,0.951731
1.60641E+15,0.198173,-0.391287,1.07892,-0.203253,-0.349925,0.957688
1.60641E+15,0.197324,-0.394524,1.0868,-0.204129,-0.353573,0.966462
1.60641E+15,0.19711,-0.405321,1.07958,-0.205381,-0.357239,0.976242
1.60641E+15,0.196647,-0.409094,1.08143,-0.206469,-0.360087,0.982929
1.60641E+15,0.192305,-0.441103,1.02775,-0.207501,-0.362454,0.988685
1.60641E+15,0.192371,-0.437502,1.03051,-0.208856,-0.363992,0.992373
1.60641E+15,0.191564,-0.421241,1.03507,-0.2096,-0.364766,0.9941
1.60641E+15,0.182383,-0.400399,1.0294,-0.210418,-0.365155,0.995008
1.60641E+15,0.180026,-0.381075,1.0567,-0.211008,-0.365268,0.995363
1.60641E+15,0.144198,-0.405317,1.09055,-0.211984,-0.365224,0.995587
1.60641E+15,0.0906752,-0.346161,1.08824,-0.212762,-0.365048,0.995287
1.60641E+15,0.125181,-0.234096,0.995267,-0.213089,-0.364737,0.994268
1.60641E+15,0.116896,-0.166092,0.997194,-0.212936,-0.364188,0.992577
1.60641E+15,0.121458,-0.148702,1.06451,-0.211652,-0.363425,0.989964
1.60641E+15,0.105112,-0.107936,1.13839,-0.21016,-0.362896,0.988302
1.60641E+15,0.111428,-0.0685487,1.14517,-0.208955,-0.362792,0.988095
1.60641E+15,0.109171,-0.00347419,1.13466,-0.207979,-0.36305,0.989428
1.60641E+15,0.112438,0.0578071,1.16464,-0.206844,-0.363589,0.990982
1.60641E+15,0.115038,0.0763909,1.17642,-0.206,-0.363932,0.99217
1.60641E+15,0.112946,0.0797009,1.20532,-0.204839,-0.364148,0.992528
1.60641E+15,0.129533,0.070533,1.21494,-0.204375,-0.364284,0.992814
1.60641E+15,0.12612,0.0792064,1.22056,-0.204125,-0.364324,0.99289
1.60641E+15,0.121762,0.0836553,1.22678,-0.204014,-0.36436,0.992967
1.60641E+15,0.120228,0.0861008,1.23004,-0.204014,-0.36439,0.993281
1.60641E+15,0.120705,0.0889815,1.23196,-0.204025,-0.364421,0.993819
1.60641E+15,0.115125,0.0891523,1.23414,-0.203943,-0.364526,0.994331
1.60641E+15,0.117946,0.088015,1.23464,-0.203756,-0.364591,0.994843
1.60641E+15,0.153976,0.0929762,1.23366,-0.203696,-0.364687,0.995166
1.60641E+15,0.150021,0.0920121,1.23389,-0.203675,-0.364763,0.995609
1.60641E+15,0.144403,0.090874,1.24168,-0.203672,-0.364837,0.995884
1.60641E+15,0.138202,0.0885092,1.24555,-0.203818,-0.364866,0.996199
1.60641E+15,0.134364,0.0866268,1.24794,-0.20394,-0.364878,0.996175
1.60641E+15,0.157312,0.0888299,1.24305,-0.20421,-0.364912,0.996268
1.60641E+15,0.150117,0.0881241,1.24665,-0.204616,-0.364966,0.996561
1.60641E+15,0.144614,0.0878443,1.24775,-0.204927,-0.364993,0.996632
1.60641E+15,0.141568,0.0891359,1.24124,-0.205118,-0.365122,0.996802
1.60641E+15,0.131704,0.131044,1.21975,-0.205442,-0.365317,0.997217
1.60641E+15,0.106324,0.0798304,1.21122,-0.205837,-0.365558,0.997777
1.60641E+15,0.063373,0.00291993,1.22103,-0.205836,-0.365605,0.997798
1.60641E+15,0.0296549,0.0368753,1.24551,-0.205833,-0.365611,0.997806
1.60641E+15,-0.0186006,-0.0601049,1.2412,-0.205736,-0.365604,0.997844
1.60641E+15,-0.0217202,-0.0603567,1.24021,-0.191136,-0.370146,0.96122
1.60641E+15,-0.0207754,-0.0763093,1.23721,-0.197588,-0.366719,0.990502
1.60641E+15,-0.00485879,-0.121854,1.24097,-0.19774,-0.366565,0.991621
1.60641E+15,-0.00786548,-0.119725,1.24062,-0.197784,-0.366568,0.991953
1.60641E+15,-0.0155988,-0.121285,1.23701,-0.198122,-0.366541,0.992813
1.60641E+15,-0.0183529,-0.119909,1.2364,-0.199095,-0.366612,0.99487
1.60641E+15,-0.0205086,-0.119312,1.23581,-0.200066,-0.366712,0.995859
1.60641E+15,-0.0197607,-0.118303,1.23646,-0.201561,-0.366819,0.997241
1.60641E+15,-0.0193235,-0.117541,1.23742,-0.203024,-0.366876,0.998201
1.60641E+15,-0.0180804,-0.116445,1.23833,-0.204001,-0.366917,0.998824
1.60641E+15,-0.0177716,-0.116056,1.2386,-0.204996,-0.367011,0.999397
1.60641E+15,-0.0194889,-0.116931,1.23777,-0.205501,-0.367063,0.999664
1.60641E+15,-0.0206865,-0.116644,1.23741,-0.206001,-0.367085,0.999771
1.60641E+15,-0.0211337,-0.116532,1.23742,-0.206247,-0.367097,0.999876
1.60641E+15,-0.0213654,-0.116331,1.23748,-0.198674,-0.37085,0.96923
1.60641E+15,-0.0216476,-0.116349,1.23748,-0.205048,-0.368233,0.990785
1.60641E+15,-0.0217183,-0.116312,1.23765,-0.205438,-0.368055,0.992574
1.60641E+15,-0.0219675,-0.116551,1.23776,-0.197444,-0.370882,0.970762
1.60641E+15,-0.0221081,-0.116677,1.23766,-0.19632,-0.371058,0.967989
1.60641E+15,-0.0220047,-0.116773,1.23787,-0.195131,-0.370955,0.965819
1.60641E+15,-0.0220904,-0.117089,1.23805,-0.193833,-0.370733,0.963799
1.60641E+15,-0.0219266,-0.118272,1.23871,-0.192523,-0.370125,0.960815
1.60641E+15,-0.0221912,-0.121109,1.23924,-0.191094,-0.369585,0.958535
1.60641E+15,-0.0210248,-0.123237,1.24,-0.190039,-0.368932,0.956005
1.60641E+15,-0.019473,-0.125139,1.24044,-0.193142,-0.364464,0.973154
1.60641E+15,-0.0111662,-0.127414,1.24385,-0.193383,-0.363747,0.975709
1.60641E+15,-0.0173108,-0.141042,1.234,-0.193462,-0.363323,0.976691
1.60641E+15,-0.0108754,-0.138633,1.23218,-0.193583,-0.362871,0.977549
1.60641E+15,-0.00731121,-0.0788868,1.23016,-0.193629,-0.362667,0.977677
1.60641E+15,-0.00218515,-0.0523769,1.22987,-0.193924,-0.362409,0.977892
1.60641E+15,0.0971745,7.83E-05,1.21879,-0.194165,-0.362122,0.977558
1.60641E+15,0.112522,0.0580306,1.24367,-0.194966,-0.36163,0.977276
1.60641E+15,0.129029,0.0730689,1.24417,-0.247616,-0.341405,1.09473
1.60641E+15,0.13897,0.0685586,1.29083,-0.2488,-0.339533,1.09568
1.60641E+15,0.146817,0.0666927,1.29736,-0.249988,-0.337772,1.09536
1.60641E+15,0.168563,0.0725232,1.29631,-0.250008,-0.336034,1.09429
1.60641E+15,0.186247,0.090474,1.30578,-0.24979,-0.333772,1.09292
1.60641E+15,0.190003,0.0917109,1.30879,-0.249992,-0.332277,1.09255
1.60641E+15,0.192889,0.0907962,1.31269,-0.252548,-0.331504,1.09312
1.60641E+15,0.194816,0.0859649,1.3164,-0.252646,-0.330801,1.09403
1.60641E+15,0.194168,0.086775,1.3186,-0.252816,-0.330683,1.09363
1.60641E+15,0.19245,0.0868922,1.32058,-0.253277,-0.330659,1.09361
1.60641E+15,0.191934,0.0872486,1.32084,-0.253599,-0.330854,1.0936
1.60641E+15,0.192394,0.088118,1.32176,-0.25101,-0.331453,1.09277
1.60641E+15,0.198357,0.0363771,1.31625,-0.25056,-0.331611,1.0915
1.60641E+15,0.19835,0.0364723,1.31373,-0.250138,-0.331542,1.0912
1.60641E+15,0.193474,0.0820911,1.30994,-0.250521,-0.331737,1.09197
1.60641E+15,0.193183,0.0783414,1.30406,-0.249129,-0.331791,1.09207
1.60641E+15,0.184203,0.0727248,1.29761,-0.24659,-0.33195,1.09096
1.60641E+15,0.179706,0.0707428,1.29403,-0.245379,-0.332518,1.08948
1.60641E+15,0.189867,0.0312765,1.29267,-0.244697,-0.332905,1.08978
1.60641E+15,0.178793,0.0701242,1.27913,-0.243543,-0.333531,1.08999
1.60641E+15,0.185875,0.0439894,1.28448,-0.243458,-0.334413,1.08571
1.60641E+15,0.175802,0.0755105,1.27265,-0.24184,-0.334452,1.08527
1.60641E+15,0.193536,0.0128993,1.25807,-0.241843,-0.334746,1.08714
1.60641E+15,0.193432,0.0114721,1.25229,-0.241679,-0.334863,1.08802
1.60641E+15,0.175669,0.070357,1.24437,-0.241728,-0.335118,1.08684
1.60641E+15,0.168555,0.0441315,1.22461,-0.241876,-0.335141,1.08844
1.60641E+15,0.165239,0.0360433,1.21382,-0.242132,-0.334641,1.08935
1.60641E+15,0.165643,0.0228678,1.18872,-0.242393,-0.334542,1.08943
1.60641E+15,0.162646,-0.00381795,1.15935,-0.242758,-0.334422,1.08984
1.60641E+15,0.18111,-0.03946,1.11717,-0.242735,-0.334307,1.08897
1.60641E+15,0.187204,-0.0722312,1.07604,-0.242055,-0.33674,1.07999
1.60641E+15,0.187804,-0.114747,1.04174,-0.241874,-0.335519,1.0789
1.60641E+15,0.189958,-0.170916,1.01775,-0.195926,-0.34247,0.932678
1.60641E+15,0.193096,-0.217195,0.993924,-0.196747,-0.342519,0.932823
1.60641E+15,0.175865,-0.25033,0.968045,-0.197552,-0.342569,0.932944
1.60641E+15,0.180436,-0.286734,0.925779,-0.198429,-0.34262,0.933136
1.60641E+15,0.162146,-0.359414,1.00386,-0.198817,-0.342749,0.933071
1.60641E+15,0.164827,-0.361059,1.00466,-0.199457,-0.342849,0.933102
1.60641E+15,0.171492,-0.371452,1.02865,-0.199988,-0.342955,0.933208
1.60641E+15,0.170943,-0.372085,1.02923,-0.200501,-0.343087,0.93348
1.60641E+15,0.168711,-0.372409,1.0239,-0.201062,-0.343232,0.933579
1.60641E+15,0.157483,-0.375382,0.999167,-0.201451,-0.343357,0.933768
1.60641E+15,0.166602,-0.37262,1.01794,-0.201822,-0.343442,0.933832
1.60641E+15,0.158339,-0.370102,1.02206,-0.202092,-0.343518,0.933942
1.60641E+15,0.166714,-0.372881,1.02017,-0.20248,-0.343591,0.93397
1.60641E+15,0.166831,-0.373027,1.02102,-0.202732,-0.34363,0.934023
1.60641E+15,0.167101,-0.373143,1.02179,-0.20297,-0.343677,0.934127
1.60641E+15,0.167578,-0.37332,1.02328,-0.20312,-0.343722,0.934213
1.60641E+15,0.167976,-0.373329,1.02453,-0.203271,-0.343743,0.934305
1.60641E+15,0.168108,-0.373333,1.02521,-0.203416,-0.343773,0.934404
1.60641E+15,0.168277,-0.373359,1.02589,-0.203568,-0.343847,0.934572
1.60641E+15,0.168087,-0.37337,1.02687,-0.203621,-0.34387,0.934626
1.60641E+15,0.168088,-0.373391,1.02685,-0.203751,-0.343898,0.934671
1.60641E+15,0.168096,-0.373389,1.02701,-0.203864,-0.343909,0.934747
1.60641E+15,0.163857,-0.377217,0.97701,-0.203924,-0.343954,0.934833
1.60641E+15,0.163871,-0.377214,0.977054,-0.204023,-0.343948,0.934864
1.60641E+15,0.163873,-0.377208,0.97706,-0.204073,-0.34397,0.934886
1.60641E+15,0.16767,-0.373495,1.02332,-0.204156,-0.343966,0.934925
1.60641E+15,0.167724,-0.373495,1.02333,-0.204195,-0.343978,0.934954
1.60641E+15,0.167728,-0.373491,1.02333,-0.204206,-0.343982,0.934959
1.60641E+15,0.163618,-0.376249,0.983095,-0.204222,-0.343991,0.935016
1.60641E+15,0.163689,-0.376108,0.981422,-0.204221,-0.343997,0.935026
1.60641E+15,0.164423,-0.375285,0.978111,-0.20423,-0.344005,0.935027
1.60641E+15,0.167471,-0.373019,0.975968,-0.204281,-0.344008,0.934989
1.60641E+15,0.168579,-0.371795,0.985123,-0.204271,-0.344022,0.934952
1.60641E+15,0.169993,-0.366587,0.994545,-0.20423,-0.344059,0.935062
1.60641E+15,0.183547,-0.305668,0.999937,-0.204242,-0.344072,0.935104
1.60641E+15,0.208118,-0.255998,0.99052,-0.204219,-0.344089,0.935141
1.60641E+15,0.213346,-0.228116,1.00547,-0.204221,-0.344094,0.935166
1.60641E+15,0.214661,-0.173392,1.02355,-0.204212,-0.344097,0.935166
1.60641E+15,0.211939,-0.129205,1.04069,-0.20423,-0.344076,0.935135
1.60641E+15,0.197818,-0.184294,1.17569,-0.204243,-0.34407,0.935153
1.60641E+15,0.209033,-0.061085,1.08589,-0.204238,-0.34407,0.935166
1.60641E+15,0.206715,-0.0173083,1.11155,-0.20422,-0.344078,0.935171
1.60641E+15,0.196991,0.00444118,1.13012,-0.204137,-0.344134,0.935228
1.60641E+15,0.197528,0.0480004,1.15771,-0.204119,-0.344135,0.935244
1.60641E+15,0.194915,0.0671845,1.17313,-0.204063,-0.344144,0.935295
1.60641E+15,0.195498,0.0929485,1.19552,-0.203984,-0.344195,0.935386
1.60641E+15,0.191721,0.109317,1.21227,-0.203937,-0.344219,0.935458
1.60641E+15,0.187675,0.139211,1.23682,-0.20386,-0.344269,0.935693
1.60641E+15,0.18593,0.14647,1.24417,-0.203559,-0.344427,0.936039
1.60641E+15,0.179223,0.154063,1.25257,-0.203445,-0.344463,0.936151
1.60641E+15,0.181846,0.14449,1.26069,-0.20327,-0.344537,0.93638
1.60641E+15,0.180764,0.157743,1.26553,-0.203255,-0.344578,0.936488
1.60641E+15,0.179215,0.160778,1.26947,-0.203298,-0.344616,0.936717
1.60641E+15,0.179583,0.162805,1.27285,-0.203311,-0.344646,0.936826
1.60641E+15,0.178482,0.16641,1.27653,-0.203321,-0.344701,0.936959
1.60641E+15,0.179013,0.167046,1.27988,-0.203325,-0.344743,0.937098
1.60641E+15,0.177301,0.16711,1.28173,-0.203287,-0.344808,0.937414
1.60641E+15,0.176214,0.167479,1.28284,-0.203258,-0.344829,0.937996
1.60641E+15,0.174542,0.166666,1.28421,-0.186292,-0.35742,0.949014
1.60641E+15,0.173147,0.165453,1.28572,-0.205745,-0.343053,0.93899
1.60641E+15,0.161738,0.15961,1.28541,-0.20977,-0.343863,0.927586
1.60641E+15,0.166269,0.160353,1.29131,-0.216088,-0.315342,0.992965
1.60641E+15,0.166973,0.160147,1.29344,-0.217934,-0.307892,0.992106
1.60641E+15,0.165203,0.158297,1.29467,-0.286294,-0.129079,1.01092
1.60641E+15,0.163117,0.15968,1.29652,-0.290564,-0.0550914,1.03238
1.60641E+15,0.164391,0.15681,1.29782,-0.284484,-0.00616981,1.08001
1.60641E+15,0.167693,0.15286,1.29915,-0.263841,0.0291214,1.13726
1.60641E+15,0.170492,0.14966,1.29967,-0.267297,0.0598272,1.17591
1.60641E+15,0.173851,0.14587,1.29941,-0.307381,0.144069,1.21329
1.60641E+15,0.195384,0.111306,1.30067,-0.325394,0.168499,1.24989
1.60641E+15,0.199729,0.111116,1.3018,-0.323938,0.141899,1.27827
1.60641E+15,0.20183,0.111276,1.30181,-0.326676,0.138348,1.2958
1.60641E+15,0.204728,0.111019,1.30112,-0.326865,0.134192,1.3115
1.60641E+15,0.191234,0.161551,1.3047,-0.324962,0.133106,1.3255
1.60641E+15,0.194893,0.16228,1.30218,-0.321914,0.133279,1.33588
1.60641E+15,0.19804,0.161601,1.29839,-0.315451,0.135627,1.34899
1.60641E+15,0.201923,0.161488,1.29157,-0.310118,0.137071,1.35989
1.60641E+15,0.207441,0.158278,1.27816,-0.302417,0.138023,1.36931
1.60641E+15,0.211953,0.143769,1.25426,-0.29023,0.134494,1.37514
1.60641E+15,0.220575,0.12812,1.22927,-0.286127,0.13677,1.37919
1.60641E+15,0.226656,0.111214,1.20108,-0.283125,0.137043,1.38112
1.60641E+15,0.239189,0.0718792,1.16198,-0.279932,0.136738,1.38185
1.60641E+15,0.24543,0.0431239,1.13231,-0.282923,0.12431,1.36967
1.60641E+15,0.25043,-0.00831016,1.09496,-0.275565,0.122143,1.3641
1.60641E+15,0.245543,-0.0577924,1.06147,-0.271895,0.120675,1.35602
1.60641E+15,0.244728,-0.113187,1.03364,-0.268451,0.11873,1.35217
1.60641E+15,0.238617,-0.175165,1.01513,-0.271127,0.121655,1.34732
1.60641E+15,0.219837,-0.225536,0.984065,-0.26254,0.121507,1.33472
1.60641E+15,0.236797,-0.27169,0.935255,-0.272619,0.132968,1.32503
1.60641E+15,0.167254,-0.357066,1.02815,-0.275806,0.134825,1.31556
1.60641E+15,0.174588,-0.3582,1.02429,-0.283008,0.136063,1.29699
1.60641E+15,0.174578,-0.363982,1.02468,-0.29338,0.103207,1.25681
1.60641E+15,0.171513,-0.370634,1.02746,-0.302658,0.0972938,1.23871
1.60641E+15,0.164097,-0.377738,1.0324,-0.285904,0.131572,1.21877
1.60641E+15,0.162206,-0.379415,1.03326,-0.271898,0.122361,1.18285
1.60641E+15,0.161498,-0.380222,1.03378,-0.279564,0.125224,1.1425
1.60641E+15,0.159943,-0.381674,1.0362,-0.268759,-0.00950005,1.12131
1.60641E+15,0.160851,-0.381612,1.03603,-0.287256,-0.0287937,1.03856
1.60641E+15,0.163356,-0.381585,1.03918,-0.300199,-0.102985,0.992056
1.60641E+15,0.166173,-0.384891,1.0104,-0.297919,-0.178686,0.965865
1.60641E+15,0.167644,-0.383107,1.02939,-0.244425,-0.305831,1.04489
1.60641E+15,0.167923,-0.382878,1.03284,-0.249295,-0.336672,0.934742
1.60641E+15,0.168235,-0.382767,1.03384,-0.24938,-0.339206,0.934214
1.60641E+15,0.168458,-0.382763,1.03513,-0.25057,-0.340363,0.932568
1.60641E+15,0.168707,-0.382767,1.03576,-0.251422,-0.340992,0.931478
1.60641E+15,0.168673,-0.385309,1.01397,-0.251956,-0.341269,0.930914
1.60641E+15,0.168121,-0.385692,1.01174,-0.252427,-0.34157,0.930012
1.60641E+15,0.168196,-0.383832,1.03043,-0.252706,-0.341827,0.929159
1.60641E+15,0.165476,-0.384786,1.03308,-0.25298,-0.342,0.928495
1.60641E+15,0.165163,-0.385262,1.0109,-0.253211,-0.342139,0.928016
1.60641E+15,0.165337,-0.385275,1.00815,-0.25338,-0.342227,0.927806
1.60641E+15,0.168108,-0.382638,1.02807,-0.253537,-0.342319,0.92764
1.60641E+15,0.172192,-0.383262,1.00822,-0.2537,-0.342371,0.927667
1.60641E+15,0.171111,-0.378926,1.02691,-0.255056,-0.342221,0.928531
1.60641E+15,0.172974,-0.377428,1.02747,-0.27026,-0.339862,0.942
1.60641E+15,0.250703,-0.350565,0.996423,-0.255319,-0.349992,0.921454
1.60641E+15,0.263725,-0.33042,1.00824,-0.343956,-0.240816,1.00698
1.60641E+15,0.283228,-0.30156,1.02739,-0.39252,-0.176352,0.985864
1.60641E+15,0.315689,-0.257877,1.03063,-0.406973,-0.128752,1.00968
1.60641E+15,0.346673,-0.211498,1.03728,-0.426834,-0.0819636,1.03689
1.60641E+15,0.366459,-0.177837,1.05263,-0.443991,-0.0350958,1.06816
1.60641E+15,0.376056,-0.139792,1.07247,-0.454675,0.0229756,1.10314
1.60641E+15,0.384023,-0.0891926,1.09223,-0.455932,0.0518694,1.13066
1.60641E+15,0.371803,-0.0473187,1.11117,-0.450668,0.0758112,1.15387
1.60641E+15,0.350926,0.00208978,1.12854,-0.431644,0.121578,1.17673
1.60641E+15,0.319457,0.0408052,1.14579,-0.40364,0.159811,1.19176
1.60641E+15,0.264356,0.0696526,1.15912,-0.332366,0.168422,1.19403
1.60641E+15,0.225739,0.11766,1.18072,-0.310213,0.188926,1.19632
1.60641E+15,0.197143,0.126192,1.19276,-0.285997,0.180003,1.19311
1.60641E+15,0.16515,0.137533,1.20677,-0.281085,0.198371,1.18308
1.60641E+15,0.133388,0.172481,1.24513,-0.189575,0.219899,1.18794
1.60641E+15,0.1173,0.201295,1.2493,-0.160665,0.225827,1.1893
1.60641E+15,0.0743217,0.197914,1.25371,-0.130414,0.230292,1.17765
1.60641E+15,0.0839783,0.147589,1.23377,-0.109673,0.221115,1.16918
1.60641E+15,0.115005,0.115547,1.24833,-0.0915038,0.17221,1.17937
1.60641E+15,0.108724,0.118384,1.25027,-0.102252,0.152486,1.17664
1.60641E+15,0.078021,0.184589,1.22042,-0.101711,0.146843,1.17851
1.60641E+15,-0.00186314,0.178447,1.20457,-0.0921928,0.144571,1.1782
1.60641E+15,-0.020354,0.205957,1.17522,-0.0742658,0.138805,1.17984
1.60641E+15,-0.0238629,0.194507,1.19056,-0.0586828,0.12589,1.19019
1.60641E+15,-0.0237784,0.194333,1.19104,-0.0559022,0.126959,1.19152
1.60641E+15,-0.0239779,0.194719,1.19322,-0.0551179,0.127476,1.1931
1.60641E+15,0.0485409,0.205683,1.21437,-0.0617862,0.134795,1.19773
1.60641E+15,0.0478801,0.214708,1.21367,-0.08208,0.151918,1.20168
1.60641E+15,0.0904445,0.186199,1.26354,-0.104824,0.161981,1.20791
1.60641E+15,0.0823189,0.169213,1.28527,-0.139293,0.184262,1.21492
1.60641E+15,0.0179879,0.273808,1.32473,-0.159631,0.219271,1.22504
1.60641E+15,0.0332103,0.214468,1.30659,-0.18803,0.240243,1.27451
1.60641E+15,0.112785,0.172211,1.28262,-0.263184,0.199308,1.23784
1.60641E+15,0.131033,0.19831,1.29886,-0.29662,0.235745,1.26577
1.60641E+15,0.174806,0.281924,1.30685,-0.350005,0.194019,1.26294
1.60641E+15,0.223297,0.18832,1.28029,-0.40059,0.198037,1.27163
1.60641E+15,0.24599,0.153839,1.28438,-0.423099,0.195367,1.28523
1.60641E+15,0.27827,0.152995,1.28057,-0.454643,0.180863,1.30509
1.60641E+15,0.306796,0.143973,1.28217,-0.496272,0.177016,1.31374
1.60641E+15,0.323578,0.181131,1.27227,-0.50056,0.17586,1.31595
1.60641E+15,0.328035,0.17567,1.26937,-0.506282,0.172922,1.3171
1.60641E+15,0.327848,0.162902,1.2576,-0.507093,0.15889,1.31088
1.60641E+15,0.315302,0.137704,1.23788,-0.501694,0.147793,1.30033
1.60641E+15,0.30645,0.119516,1.22365,-0.489967,0.138077,1.283
1.60641E+15,0.286759,0.0892316,1.19692,-0.478444,0.132702,1.2631
1.60641E+15,0.271628,0.0714114,1.17708,-0.453142,0.113682,1.22358
1.60641E+15,0.253929,0.0368431,1.14406,-0.445871,0.108813,1.19708
1.60641E+15,0.23704,-0.00302077,1.11586,-0.421696,0.0894856,1.14252
1.60641E+15,0.234044,-0.035791,1.08609,-0.357978,-0.0308842,1.14879
1.60641E+15,0.216086,-0.0875765,1.05549,-0.310886,-0.0380945,1.06709
1.60641E+15,0.216071,-0.127537,1.0286,-0.304391,-0.105562,1.02934
1.60641E+15,0.216863,-0.194883,1.01554,-0.293504,-0.163083,0.998884
1.60641E+15,0.203908,-0.230273,0.993749,-0.261665,-0.242255,1.01234
1.60641E+15,0.176973,-0.277973,0.991311,-0.258973,-0.319601,1.03922
1.60641E+15,0.232546,-0.311494,0.928138,-0.234313,-0.343451,0.91885
1.60641E+15,0.152389,-0.385588,0.983612,-0.236195,-0.341935,0.918124
1.60641E+15,0.164428,-0.374049,1.036,-0.235496,-0.343137,0.927736
1.60641E+15,0.164864,-0.376748,1.03924,-0.235235,-0.343429,0.929815
1.60641E+15,0.165636,-0.377302,1.03918,-0.234487,-0.343988,0.931802
1.60641E+15,0.167079,-0.377107,1.03755,-0.234442,-0.343914,0.933264
1.60641E+15,0.168312,-0.374776,1.02929,-0.229395,-0.347066,0.940302
1.60641E+15,0.1671,-0.373726,1.02893,-0.229838,-0.346626,0.94034
1.60641E+15,0.240952,-0.2858,0.931185,-0.22879,-0.3471,0.941723
1.60641E+15,0.23986,-0.267921,0.991281,-0.228167,-0.347415,0.942529
1.60641E+15,0.258339,-0.222851,0.999916,-0.228606,-0.346933,0.94235
1.60641E+15,0.281557,-0.168994,1.00983,-0.22908,-0.346442,0.941982
1.60641E+15,0.301744,-0.101301,1.01899,-0.229267,-0.346198,0.941918
1.60641E+15,0.296975,-0.0524027,1.0446,-0.229491,-0.345938,0.941789
1.60641E+15,0.30628,-2.88E-05,1.06889,-0.229678,-0.345711,0.941652
1.60641E+15,0.286347,0.0554625,1.09004,-0.2298,-0.345501,0.941533
1.60641E+15,0.25481,0.0896504,1.11009,-0.229916,-0.345322,0.941426
1.60641E+15,0.208559,0.118642,1.12718,-0.230073,-0.345047,0.941189
1.60641E+15,0.15995,0.125617,1.1379,-0.230209,-0.344776,0.94071
1.60641E+15,0.156583,0.15684,1.14484,-0.228495,-0.345487,0.941449
1.60641E+15,0.100081,0.193858,1.15631,-0.227019,-0.345885,0.942124
1.60641E+15,0.078255,0.145714,1.16231,-0.227196,-0.345205,0.941217
1.60641E+15,0.0210261,0.141923,1.15954,-0.227264,-0.344756,0.940696
1.60641E+15,0.00167416,0.101439,1.16139,-0.224871,-0.345802,0.941666
1.60641E+15,-0.00550893,0.0915625,1.16402,-0.223534,-0.346508,0.942366
1.60641E+15,-0.00719767,0.0803483,1.16685,-0.222685,-0.346958,0.942974
1.60641E+15,-0.0121826,0.0768401,1.1674,-0.223739,-0.34615,0.942295
1.60641E+15,-0.0117718,0.0758782,1.16857,-0.225025,-0.345539,0.941359
1.60641E+15,-0.0114828,0.0785474,1.1699,-0.226282,-0.345125,0.940574
1.60641E+15,-0.00232524,0.0920424,1.17362,-0.226978,-0.344884,0.940603
1.60641E+15,0.00710678,0.139605,1.17741,-0.22762,-0.344735,0.940481
1.60641E+15,0.0212003,0.145099,1.17945,-0.228545,-0.344482,0.940479
1.60641E+15,0.0699769,0.106564,1.17757,-0.227675,-0.345662,0.942336
1.60641E+15,0.117673,0.160601,1.20275,-0.227448,-0.346209,0.943131
1.60641E+15,0.157376,0.160147,1.20488,-0.228569,-0.34568,0.942493
1.60641E+15,0.173141,0.101656,1.19891,-0.227816,-0.346265,0.943324
1.60641E+15,0.190703,0.144772,1.21293,-0.227441,-0.346566,0.943574
1.60641E+15,0.203955,0.143114,1.21513,-0.226987,-0.346779,0.943817
1.60641E+15,0.213454,0.141289,1.21547,-0.227862,-0.345907,0.942289
1.60641E+15,0.221123,0.138181,1.21359,-0.227151,-0.346085,0.942245
1.60641E+15,0.330064,0.146117,1.22291,-0.226039,-0.346457,0.942269
1.60641E+15,0.289695,0.121487,1.20938,-0.225351,-0.34652,0.942185
1.60641E+15,0.288698,0.121368,1.20901,-0.224392,-0.346656,0.942125
1.60641E+15,0.286478,0.121315,1.20849,-0.225189,-0.344914,0.939402
1.60641E+15,0.28798,0.133574,1.20567,-0.225148,-0.344367,0.938838
1.60641E+15,0.266052,0.130939,1.17453,-0.223183,-0.344958,0.939409
1.60641E+15,0.251364,0.133499,1.1808,-0.222186,-0.345214,0.939567
1.60641E+15,0.243605,0.144371,1.19638,-0.220933,-0.345705,0.939415
1.60641E+15,0.24236,0.14535,1.19991,-0.220255,-0.345967,0.939459
1.60641E+15,0.239845,0.14677,1.20417,-0.221136,-0.345034,0.938544
1.60641E+15,0.236593,0.14854,1.2114,-0.222268,-0.344262,0.93773
1.60641E+15,0.234103,0.149298,1.21651,-0.221742,-0.344737,0.938382
1.60641E+15,0.228971,0.14343,1.22007,-0.22282,-0.344187,0.938018
1.60641E+15,0.226399,0.140741,1.22107,-0.223509,-0.343884,0.937955
1.60641E+15,0.223206,0.138421,1.2214,-0.223241,-0.344543,0.938721
1.60641E+15,0.22072,0.138565,1.22172,-0.22333,-0.345797,0.941219
1.60641E+15,0.218349,0.13838,1.22185,-0.225193,-0.345084,0.940348
1.60641E+15,0.215604,0.136398,1.22178,-0.224976,-0.345708,0.941264
1.60641E+15,0.212148,0.140099,1.22278,-0.224927,-0.346007,0.941707
1.60641E+15,0.201108,0.138238,1.22399,-0.224748,-0.34638,0.941966
1.60641E+15,0.193582,0.132137,1.22532,-0.225943,-0.345747,0.941696
1.60641E+15,0.186898,0.142823,1.22748,-0.22565,-0.346116,0.942133
1.60641E+15,0.163311,0.154309,1.21791,-0.226661,-0.345543,0.941508
1.60641E+15,0.0759488,0.043929,1.18986,-0.22729,-0.345111,0.940846
1.60641E+15,0.0694441,0.0391557,1.19047,-0.226449,-0.345622,0.941412
1.60641E+15,0.0591705,0.0233281,1.19465,-0.226812,-0.345188,0.940862
1.60641E+15,0.0506979,0.00250097,1.20518,-0.225958,-0.345651,0.941341
1.60641E+15,0.0462812,-0.0132953,1.21107,-0.226366,-0.345174,0.940706
1.60641E+15,0.0449417,-0.0261545,1.21248,-0.226442,-0.344897,0.940449
1.60641E+15,0.0433927,-0.0310258,1.21225,-0.226676,-0.344498,0.939975
1.60641E+15,0.0422082,-0.0349784,1.21258,-0.226969,-0.344075,0.939367
1.60641E+15,0.0414091,-0.0395556,1.21323,-0.227237,-0.343711,0.938852
1.60641E+15,0.0411834,-0.0411919,1.21279,-0.227361,-0.343464,0.938411
1.60641E+15,0.0407117,-0.041552,1.21303,-0.225304,-0.344533,0.939771
1.60641E+15,0.0402429,-0.0422568,1.21325,-0.2242,-0.345084,0.94028
1.60641E+15,0.0395031,-0.0433144,1.21362,-0.224498,-0.344688,0.939912
1.60641E+15,0.0390585,-0.0435426,1.2137,-0.223516,-0.345192,0.940468
1.60641E+15,0.0388483,-0.0438615,1.213,-0.223865,-0.344726,0.939852
1.60641E+15,0.0286546,-0.197327,1.20354,-0.223022,-0.34527,0.940584
1.60641E+15,0.0691944,-0.238235,1.19344,-0.216855,-0.34995,0.945247
1.60641E+15,0.143257,0.0188103,1.1633,-0.214775,-0.351521,0.947119
1.60641E+15,0.138482,0.00888023,1.11575,-0.21548,-0.351025,0.946677
1.60641E+15,0.145409,-0.00806052,1.10216,-0.220927,-0.34734,0.942326
1.60641E+15,0.167518,-0.0175174,1.05461,-0.222798,-0.346176,0.941005
1.60641E+15,0.180179,-0.0234681,1.04634,-0.22261,-0.346344,0.94126
1.60641E+15,0.191845,-0.0337767,1.03974,-0.223821,-0.345528,0.940499
1.60641E+15,0.199413,-0.0474072,1.03668,-0.224569,-0.344912,0.939647
1.60641E+15,0.202569,-0.0525888,1.02975,-0.224941,-0.344504,0.939179
1.60641E+15,0.206895,-0.059013,1.02547,-0.223368,-0.34516,0.939956
1.60641E+15,0.211188,-0.0646457,1.02102,-0.222113,-0.345562,0.940122
1.60641E+15,0.214852,-0.0695978,1.01794,-0.220769,-0.345732,0.940072
1.60641E+15,0.217325,-0.0732345,1.01466,-0.220655,-0.344563,0.93843
1.60641E+15,0.219655,-0.0760651,1.01159,-0.215811,-0.345344,0.938546
1.60641E+15,0.222506,-0.0792015,1.00842,-0.211589,-0.345588,0.937289
1.60641E+15,0.225343,-0.082322,1.005,-0.206209,-0.345833,0.936068
1.60641E+15,0.229835,-0.0859504,1.00124,-0.199536,-0.345696,0.935867
1.60641E+15,0.23601,-0.0883578,0.996075,-0.193292,-0.345342,0.935453
1.60641E+15,0.242123,-0.0927253,0.99357,-0.186126,-0.3449,0.937005
1.60641E+15,0.247872,-0.0975377,0.99092,-0.177415,-0.344084,0.937294
1.60641E+15,0.257812,-0.102718,0.987159,-0.170428,-0.343131,0.936633
1.60641E+15,0.26818,-0.106094,0.981953,-0.164467,-0.342009,0.936544
1.60641E+15,0.275119,-0.11194,0.980931,-0.152382,-0.340934,0.929836
1.60641E+15,0.2825,-0.118268,0.979887,-0.147411,-0.340179,0.930378
1.60641E+15,0.289604,-0.122853,0.977274,-0.137345,-0.339269,0.927257
1.60641E+15,0.292691,-0.126703,0.975379,-0.130781,-0.338423,0.925323
1.60641E+15,0.296886,-0.129896,0.971807,-0.157939,-0.320891,1.00992
1.60641E+15,0.302186,-0.131905,0.967318,-0.117295,-0.337046,0.923399
1.60641E+15,0.306498,-0.133594,0.96373,-0.11077,-0.336031,0.922196
1.60641E+15,0.310262,-0.135172,0.961371,-0.105886,-0.335388,0.921634
1.60641E+15,0.313432,-0.136199,0.958857,-0.124246,-0.323923,0.979755
1.60641E+15,0.316266,-0.137328,0.957615,-0.0802937,-0.333015,0.902297
1.60641E+15,0.319586,-0.137878,0.95634,-0.0735938,-0.330509,0.900191
1.60641E+15,0.322369,-0.138218,0.955738,-0.067903,-0.327224,0.897165
1.60641E+15,0.324773,-0.138475,0.9557,-0.0622679,-0.324245,0.894622
1.60641E+15,0.329333,-0.137875,0.955331,-0.0750984,-0.31473,0.927968
1.60641E+15,0.333088,-0.137096,0.954579,-0.0713682,-0.318201,0.921814
1.60641E+15,0.335139,-0.136215,0.953668,-0.0462413,-0.321614,0.87811
1.60641E+15,0.33666,-0.134893,0.952365,-0.0434634,-0.324887,0.86894
1.60641E+15,0.336887,-0.134493,0.951736,-0.0570528,-0.321066,0.890145
1.60641E+15,0.336932,-0.133731,0.950588,-0.0523777,-0.320543,0.897242
1.60641E+15,0.334641,-0.132759,0.948364,-0.0556225,-0.323386,0.902595
1.60641E+15,0.329975,-0.132443,0.946276,-0.137681,-0.305252,0.998981
1.60641E+15,0.323963,-0.133496,0.944157,-0.137852,-0.305249,0.998636
1.60641E+15,0.315117,-0.135905,0.94227,-0.138771,-0.304891,0.99829
1.60641E+15,0.301992,-0.148306,0.950638,-0.135727,-0.306172,0.98025
1.60641E+15,0.295357,-0.146253,0.945075,-0.136809,-0.30634,0.973087
1.60641E+15,0.284734,-0.158018,0.955278,-0.105178,-0.311665,0.885672
1.60641E+15,0.280324,-0.160683,0.958435,-0.107984,-0.310895,0.883134
1.60641E+15,0.271595,-0.145282,0.94555,-0.111249,-0.311209,0.881383
1.60641E+15,0.267135,-0.140372,0.944674,-0.127512,-0.310694,0.875736
1.60641E+15,0.262743,-0.129469,0.943925,-0.139267,-0.311548,0.873201
1.60641E+15,0.25666,-0.118603,0.945992,-0.147764,-0.312876,0.874623
1.60641E+15,0.250877,-0.107266,0.95007,-0.157488,-0.315421,0.878463
1.60641E+15,0.244507,-0.0943794,0.953618,-0.16678,-0.318072,0.883911
1.60641E+15,0.239659,-0.0840259,0.958205,-0.175516,-0.321923,0.89185
1.60641E+15,0.234983,-0.0744852,0.964018,-0.183125,-0.325953,0.899266
1.60641E+15,0.230611,-0.0659546,0.97113,-0.190437,-0.329506,0.906051
1.60641E+15,0.226751,-0.0570965,0.97863,-0.197713,-0.332936,0.913723
1.60641E+15,0.224107,-0.0495519,0.986739,-0.20385,-0.335634,0.919294
1.60641E+15,0.22037,-0.0402849,0.996383,-0.216766,-0.335473,0.921852
1.60641E+15,0.217346,-0.0286386,1.00494,-0.220089,-0.337306,0.924831
1.60641E+15,0.214507,-0.0172298,1.01476,-0.227906,-0.339499,0.926628
1.60641E+15,0.213166,-0.00808363,1.02488,-0.234299,-0.340842,0.928079
1.60641E+15,0.213723,0.00240128,1.03477,-0.240418,-0.341906,0.928803
1.60641E+15,0.210089,0.00987113,1.04426,-0.244395,-0.342524,0.928054
1.60641E+15,0.195649,0.0246639,1.0692,-0.247549,-0.342675,0.927424
1.60641E+15,0.185744,0.037956,1.0664,-0.249281,-0.342569,0.926944
1.60641E+15,0.179305,0.0560004,1.08963,-0.250493,-0.342356,0.926232
1.60641E+15,0.179588,0.0584989,1.10874,-0.251194,-0.34214,0.925259
1.60641E+15,0.180021,0.0594788,1.11973,-0.251272,-0.341809,0.924379
1.60641E+15,0.168668,0.0484774,1.10993,-0.251188,-0.341268,0.922706
1.60641E+15,0.15887,0.0519295,1.12618,-0.250072,-0.340673,0.920884
1.60641E+15,0.149556,0.0964313,1.1356,-0.248528,-0.339868,0.91843
1.60641E+15,0.165131,0.06326,1.14625,-0.246743,-0.339099,0.916749
1.60641E+15,0.162229,0.063788,1.14707,-0.246152,-0.337038,0.913009
1.60641E+15,0.159088,0.0650714,1.14742,-0.245145,-0.335406,0.910596
1.60641E+15,0.146388,0.107376,1.14486,-0.24422,-0.334116,0.908988
1.60641E+15,0.146695,0.108666,1.14593,-0.243133,-0.332895,0.907138
1.60641E+15,0.145388,0.108567,1.14642,-0.242038,-0.332191,0.906442
1.60641E+15,0.146363,0.108284,1.14777,-0.240977,-0.331598,0.905797
1.60641E+15,0.144298,0.107729,1.14869,-0.233183,-0.331804,0.907873
1.60641E+15,0.142347,0.107154,1.14937,-0.232042,-0.331512,0.907742
1.60641E+15,0.140915,0.106715,1.15041,-0.2309,-0.331221,0.907145
1.60641E+15,0.141054,0.106482,1.15089,-0.230083,-0.330948,0.906878
1.60641E+15,0.140732,0.105933,1.15114,-0.228191,-0.330452,0.906269
1.60641E+15,0.139772,0.105499,1.15116,-0.226187,-0.330208,0.905594
1.60641E+15,0.139515,0.104176,1.15092,-0.224617,-0.329891,0.904928
1.60641E+15,0.120753,0.0684813,1.14738,-0.224426,-0.329549,0.904389
1.60641E+15,0.120691,0.0683255,1.14723,-0.222978,-0.329855,0.904274
1.60641E+15,0.119832,0.068065,1.14713,-0.22224,-0.329893,0.904157
1.60641E+15,0.120695,0.133902,1.14944,-0.221648,-0.329849,0.904135
1.60641E+15,0.142845,0.0306326,1.14552,-0.221671,-0.329726,0.903935
1.60641E+15,0.141722,0.0263697,1.14603,-0.221786,-0.329595,0.9038
1.60641E+15,0.140613,0.0163448,1.14743,-0.221934,-0.329517,0.903459
1.60641E+15,0.140211,0.0118348,1.14844,-0.221561,-0.329748,0.903629
1.60641E+15,0.139765,0.00912072,1.14911,-0.221456,-0.329908,0.903739
1.60641E+15,0.139325,0.00771101,1.14952,-0.221361,-0.330122,0.903874
1.60641E+15,0.139154,0.00660707,1.1498,-0.222103,-0.329907,0.903701
1.60641E+15,0.138871,0.00618761,1.15005,-0.222722,-0.329808,0.903361
1.60641E+15,0.138711,0.00579253,1.15028,-0.222423,-0.330174,0.90386
1.60641E+15,0.138506,0.00547694,1.15054,-0.222107,-0.3305,0.90419
1.60641E+15,0.138468,0.00496898,1.15084,-0.221838,-0.330733,0.904441
1.60641E+15,0.138211,0.0046395,1.15129,-0.221565,-0.330904,0.904708
1.60641E+15,0.137834,0.00392991,1.15179,-0.221448,-0.331016,0.904757
1.60641E+15,0.137468,0.00318311,1.15223,-0.221328,-0.331076,0.904732
1.60641E+15,0.137166,0.00252502,1.1526,-0.221084,-0.331174,0.904655
1.60641E+15,0.136751,0.00157976,1.15297,-0.220884,-0.331297,0.904684
1.60641E+15,0.136137,0.000265602,1.15311,-0.221469,-0.330972,0.904102
1.60641E+15,0.135451,-0.00172372,1.15286,-0.221916,-0.33067,0.903647
1.60641E+15,0.134395,-0.00539569,1.15142,-0.221514,-0.330785,0.903715
1.60641E+15,0.132353,-0.0109081,1.14808,-0.221832,-0.330559,0.903445
1.60641E+15,0.129581,-0.0190152,1.14136,-0.22221,-0.330313,0.903083
1.60641E+15,0.126909,-0.0338506,1.13121,-0.222466,-0.33017,0.902869
1.60641E+15,0.126103,-0.0438977,1.12202,-0.222745,-0.330027,0.902708
1.60641E+15,0.126366,-0.0643146,1.10407,-0.222819,-0.330035,0.902741
1.60641E+15,0.127497,-0.0754861,1.08883,-0.222298,-0.330412,0.90314
1.60641E+15,0.132919,-0.104771,1.06943,-0.221905,-0.330717,0.903767
1.60641E+15,0.131398,-0.117972,1.05535,-0.221732,-0.330881,0.904005
1.60641E+15,0.132204,-0.145474,1.04378,-0.221453,-0.331097,0.904465
1.60641E+15,0.129724,-0.160456,1.03159,-0.221325,-0.331296,0.904632
1.60641E+15,0.129601,-0.184729,1.01881,-0.221241,-0.331408,0.904683
1.60641E+15,0.128983,-0.193374,1.0111,-0.221149,-0.331484,0.904754
1.60641E+15,0.127481,-0.200548,1.00264,-0.221004,-0.331593,0.904879
1.60641E+15,0.127405,-0.205956,0.995327,-0.220957,-0.331626,0.904927
1.60641E+15,0.131471,-0.223496,0.98546,-0.221204,-0.331497,0.904808
1.60641E+15,0.133816,-0.232948,0.97975,-0.221758,-0.331117,0.90421
1.60641E+15,0.136214,-0.243413,0.973585,-0.221459,-0.331279,0.904295
1.60641E+15,0.139347,-0.252553,0.969128,-0.221953,-0.330926,0.903732
1.60641E+15,0.142327,-0.263549,0.962926,-0.221362,-0.331037,0.903767
1.60641E+15,0.144444,-0.276434,0.952133,-0.221754,-0.330736,0.903448
1.60641E+15,0.148564,-0.287417,0.940832,-0.222217,-0.330479,0.902945
1.60641E+15,0.160592,-0.306531,0.929877,-0.222567,-0.330261,0.902516
1.60641E+15,0.156615,-0.310581,0.889768,-0.22205,-0.33049,0.902782
1.60641E+15,0.176793,-0.318923,0.917465,-0.221346,-0.330977,0.90327
1.60641E+15,0.184074,-0.319959,0.913669,-0.220716,-0.331375,0.903525
1.60641E+15,0.189061,-0.319789,0.910904,-0.220241,-0.331723,0.903822
1.60641E+15,0.194213,-0.31885,0.908652,-0.219801,-0.331974,0.904069
1.60641E+15,0.199331,-0.317391,0.90668,-0.219667,-0.332087,0.904194
1.60641E+15,0.203633,-0.316166,0.905095,-0.219469,-0.332219,0.904318
1.60641E+15,0.207047,-0.314234,0.903715,-0.219294,-0.332305,0.904402
1.60641E+15,0.21165,-0.31125,0.903061,-0.219074,-0.332386,0.904438
1.60641E+15,0.216472,-0.308792,0.902874,-0.218628,-0.332447,0.904411
1.60641E+15,0.220851,-0.30713,0.902864,-0.218344,-0.332461,0.904281
1.60641E+15,0.224554,-0.305615,0.902301,-0.21792,-0.332369,0.90411
1.60641E+15,0.226795,-0.304306,0.901431,-0.217225,-0.332413,0.903907
1.60641E+15,0.227865,-0.302834,0.899321,-0.216217,-0.332465,0.903762
1.60641E+15,0.23041,-0.299168,0.895036,-0.215203,-0.332459,0.903552
1.60641E+15,0.225076,-0.275205,0.904366,-0.21447,-0.332312,0.903183
1.60641E+15,0.222597,-0.249395,0.92245,-0.213984,-0.332179,0.902793
1.60641E+15,0.238813,-0.21405,0.954469,-0.213601,-0.332103,0.902651
1.60641E+15,0.231706,-0.204414,0.950023,-0.212933,-0.331994,0.902326
1.60641E+15,0.219111,-0.192662,0.951351,-0.212447,-0.331675,0.901637
1.60641E+15,0.213118,-0.131446,0.966628,-0.211871,-0.331554,0.901006
1.60641E+15,0.20441,-0.101043,0.979629,-0.213659,-0.329794,0.898458
1.60641E+15,0.198983,-0.0705877,0.999983,-0.212876,-0.329714,0.898238
1.60641E+15,0.19527,-0.0521618,1.01354,-0.21207,-0.329696,0.89767
1.60641E+15,0.18627,-0.0240335,1.02803,-0.211303,-0.329608,0.89752
1.60641E+15,0.185758,-0.00534502,1.03834,-0.210747,-0.329705,0.897631
1.60641E+15,0.187841,0.0208149,1.04989,-0.210354,-0.329694,0.897633
1.60641E+15,0.187588,0.027501,1.05592,-0.210193,-0.329718,0.897627
1.60641E+15,0.187766,0.0370803,1.06524,-0.209981,-0.329797,0.897775
1.60641E+15,0.188014,0.04483,1.07342,-0.20997,-0.329788,0.897748
1.60641E+15,0.185993,0.0528765,1.08157,-0.211621,-0.328959,0.897464
1.60641E+15,0.181306,0.062063,1.09121,-0.211403,-0.329144,0.897818
1.60641E+15,0.178828,0.0641292,1.0991,-0.211284,-0.329392,0.898183
1.60641E+15,0.175712,0.0653659,1.10719,-0.211279,-0.329591,0.898447
1.60641E+15,0.171766,0.0663944,1.11433,-0.211343,-0.32961,0.898447
1.60641E+15,0.167176,0.068198,1.11977,-0.211427,-0.329947,0.898844
1.60641E+15,0.16517,0.0684091,1.12294,-0.211557,-0.330092,0.89913
1.60641E+15,0.163212,0.068829,1.1258,-0.211824,-0.330303,0.899359
1.60641E+15,0.161367,0.0687339,1.12799,-0.21482,-0.32951,0.89866
1.60641E+15,0.160239,0.0687865,1.13002,-0.214768,-0.329808,0.899176
1.60641E+15,0.15945,0.0688116,1.13162,-0.214772,-0.330016,0.899518
1.60641E+15,0.158862,0.0685977,1.13268,-0.214762,-0.330265,0.899838
1.60641E+15,0.158303,0.0686583,1.13365,-0.214701,-0.33045,0.900117
1.60641E+15,0.157875,0.068601,1.13432,-0.214628,-0.330592,0.900281
1.60641E+15,0.157684,0.0686282,1.13484,-0.214528,-0.3307,0.900484
1.60641E+15,0.157431,0.0687504,1.13546,-0.214523,-0.330702,0.900469
1.60641E+15,0.157186,0.068704,1.13609,-0.214472,-0.330784,0.900502
1.60641E+15,0.157058,0.0688817,1.1369,-0.214379,-0.330845,0.900559
1.60641E+15,0.156839,0.068942,1.1376,-0.214354,-0.330879,0.900574
1.60641E+15,0.156448,0.0689832,1.13848,-0.214245,-0.330954,0.900631
1.60641E+15,0.155892,0.0687472,1.13924,-0.214177,-0.330998,0.900681
1.60641E+15,0.155583,0.0685423,1.14003,-0.215855,-0.330259,0.899794
1.60641E+15,0.155184,0.0684152,1.14077,-0.2158,-0.330257,0.899785
1.60641E+15,0.154893,0.0682269,1.14141,-0.215549,-0.330406,0.899921
1.60641E+15,0.154529,0.0680645,1.14213,-0.215349,-0.33047,0.899976
1.60641E+15,0.154325,0.0678601,1.14298,-0.215221,-0.330556,0.900052
1.60641E+15,0.153747,0.0679794,1.14393,-0.215007,-0.330708,0.900147
1.60641E+15,0.151641,0.0549823,1.15018,-0.216399,-0.330032,0.899589
1.60641E+15,0.152751,0.0673474,1.14597,-0.216106,-0.330289,0.899739
1.60641E+15,0.150353,0.054288,1.15397,-0.216008,-0.330335,0.899784
1.60641E+15,0.153895,0.0184259,1.14501,-0.216882,-0.329879,0.899405
1.60641E+15,0.153652,0.0182157,1.14534,-0.216583,-0.330091,0.899602
1.60641E+15,0.153946,0.0179938,1.14515,-0.216206,-0.330302,0.899895
1.60641E+15,0.153331,0.0175896,1.14554,-0.215957,-0.330449,0.900005
1.60641E+15,0.154852,0.0399,1.14842,-0.215525,-0.330745,0.900238
1.60641E+15,0.157109,0.0303375,1.14602,-0.215314,-0.330869,0.900357
1.60641E+15,0.157847,0.0263319,1.14502,-0.215194,-0.330886,0.900396
1.60641E+15,0.158215,0.0235367,1.1442,-0.215011,-0.330981,0.900497
1.60641E+15,0.159129,0.0181568,1.14343,-0.214947,-0.331008,0.900512
1.60641E+15,0.159064,0.0158985,1.14326,-0.214934,-0.331029,0.900522
1.60641E+15,0.159034,0.0145636,1.14318,-0.21476,-0.331151,0.90068
1.60641E+15,0.158841,0.012444,1.14304,-0.214739,-0.331177,0.90069
1.60641E+15,0.1589,0.0110683,1.14301,-0.214689,-0.33122,0.900713
1.60641E+15,0.158784,0.0106341,1.1432,-0.214684,-0.331241,0.900719
1.60641E+15,0.158612,0.0102717,1.14344,-0.214615,-0.331301,0.900783
1.60641E+15,0.158384,0.0102223,1.14379,-0.21461,-0.331327,0.900792
1.60641E+15,0.158237,0.00997364,1.14413,-0.216611,-0.330435,0.899587
1.60641E+15,0.15785,0.00997517,1.14466,-0.216344,-0.33061,0.899891
1.60641E+15,0.157509,0.00984923,1.14512,-0.216058,-0.330792,0.900134
1.60641E+15,0.156695,0.0097894,1.14572,-0.215971,-0.330835,0.900224
1.60641E+15,0.155887,0.009604,1.14633,-0.215815,-0.330991,0.900471
1.60641E+15,0.155221,0.00958285,1.14705,-0.215758,-0.331035,0.900438
1.60641E+15,0.154497,0.00864457,1.14811,-0.215607,-0.331109,0.900553
1.60641E+15,0.153257,0.00797371,1.14965,-0.215541,-0.33119,0.900658
1.60641E+15,0.147347,0.0145749,1.14632,-0.216939,-0.330508,0.900114
1.60641E+15,0.148756,0.00387228,1.15309,-0.216682,-0.330687,0.900448
1.60641E+15,0.142653,-0.00221884,1.15411,-0.2165,-0.330827,0.900614
1.60641E+15,0.134966,-0.0108994,1.15253,-0.2163,-0.330964,0.900868
1.60641E+15,0.127272,-0.0251147,1.14631,-0.216173,-0.331085,0.901008
1.60641E+15,0.121626,-0.0366666,1.13928,-0.216011,-0.331206,0.901274
1.60641E+15,0.117161,-0.0545836,1.1311,-0.217377,-0.33059,0.900807
1.60641E+15,0.113636,-0.0668704,1.12724,-0.218005,-0.330504,0.900738
1.60641E+15,0.110702,-0.0782919,1.12572,-0.217957,-0.330613,0.900898
1.60641E+15,0.108471,-0.0876138,1.12544,-0.217731,-0.33104,0.901496
1.60641E+15,0.106785,-0.0971428,1.12618,-0.218813,-0.330489,0.901319
1.60641E+15,0.105414,-0.100906,1.12692,-0.219373,-0.33017,0.901122
1.60641E+15,0.103832,-0.104659,1.12765,-0.21975,-0.329892,0.900805
1.60641E+15,0.101138,-0.108519,1.12751,-0.219233,-0.330038,0.900748
1.60641E+15,0.0969558,-0.112479,1.12679,-0.218467,-0.330303,0.90102
1.60641E+15,0.0923509,-0.116759,1.12503,-0.217323,-0.330562,0.901297
1.60641E+15,0.0887612,-0.120858,1.12326,-0.21656,-0.330763,0.901271
1.60641E+15,0.084441,-0.125249,1.12069,-0.216022,-0.330854,0.901133
1.60641E+15,0.0790856,-0.130813,1.11608,-0.215472,-0.330929,0.901205
1.60641E+15,0.0731994,-0.138834,1.10908,-0.21511,-0.331088,0.901242
1.60641E+15,0.0664852,-0.146746,1.1012,-0.214811,-0.33119,0.90129
1.60641E+15,0.061494,-0.159071,1.08889,-0.214638,-0.331266,0.901315
1.60641E+15,0.0595236,-0.177315,1.07302,-0.214566,-0.331279,0.901312
1.60641E+15,0.0619498,-0.197596,1.05346,-0.214502,-0.331325,0.901329
1.60641E+15,0.0666057,-0.211439,1.03621,-0.21449,-0.331345,0.901346
1.60641E+15,0.0735532,-0.22081,1.0249,-0.214479,-0.331402,0.901384
1.60641E+15,0.0822491,-0.230203,1.01163,-0.214437,-0.331468,0.901444
1.60641E+15,0.0941777,-0.237932,1.00367,-0.21438,-0.331512,0.901535
1.60641E+15,0.103481,-0.244156,0.99105,-0.216584,-0.33056,0.90078
1.60641E+15,0.111685,-0.251366,0.975641,-0.217501,-0.330046,0.90046
1.60641E+15,0.107403,-0.25225,0.964092,-0.217184,-0.33022,0.900613
1.60641E+15,0.11551,-0.257485,0.949626,-0.289104,-0.33602,0.849487
1.60641E+15,0.130704,-0.263801,0.935813,-0.212543,-0.331788,0.903089
1.60641E+15,0.180543,-0.275522,0.911552,-0.212463,-0.331834,0.903027
1.60641E+15,0.18614,-0.278168,0.90814,-0.21234,-0.331876,0.902933
1.60641E+15,0.195331,-0.281705,0.904007,-0.212246,-0.331888,0.902888
1.60641E+15,0.203964,-0.284222,0.899384,-0.211952,-0.331877,0.902767
1.60641E+15,0.20909,-0.284742,0.897254,-0.211519,-0.331808,0.902575
1.60641E+15,0.211789,-0.284473,0.895515,-0.210456,-0.331785,0.902308
1.60641E+15,0.213942,-0.283311,0.893633,-0.208919,-0.331463,0.901548
1.60641E+15,0.216115,-0.280922,0.891154,-0.204667,-0.331165,0.899944
1.60641E+15,0.218248,-0.278088,0.88783,-0.199554,-0.330599,0.899123
1.60641E+15,0.22003,-0.275471,0.883243,-0.193887,-0.329664,0.899646
1.60641E+15,0.222805,-0.272289,0.876324,-0.184851,-0.328047,0.898049
1.60641E+15,0.224792,-0.268224,0.868108,-0.173349,-0.326416,0.899048
1.60641E+15,0.22617,-0.262492,0.859006,-0.155857,-0.32368,0.900933
1.60641E+15,0.229916,-0.252037,0.854163,-0.14379,-0.323156,0.901771
1.60641E+15,0.22592,-0.243327,0.853401,-0.127457,-0.322491,0.897742
1.60641E+15,0.222935,-0.232822,0.850367,-0.0975642,-0.322737,0.898808
1.60641E+15,0.293993,-0.33829,0.985242,-0.0751318,-0.319693,0.891761
1.60641E+15,0.290231,-0.299101,0.964087,-0.083604,-0.312637,0.92031
1.60641E+15,0.195547,-0.0849052,1.26077,-0.0951075,-0.293226,0.917886
1.60641E+15,0.198657,-0.0908081,1.25214,-0.0221961,-0.27475,0.844256
1.60641E+15,0.199122,-0.0888096,1.22368,-0.0352552,-0.265485,0.846384
1.60641E+15,0.201064,-0.0854393,1.19982,-0.0501717,-0.25914,0.847965
1.60641E+15,0.204551,-0.0796234,1.17452,-0.059623,-0.256349,0.842148
1.60641E+15,0.206886,-0.0728815,1.15056,-0.101437,-0.295529,0.775773
1.60641E+15,0.205498,-0.069579,1.12864,-0.0999008,-0.306648,0.76231
1.60641E+15,0.204865,-0.0642704,1.10374,-0.100557,-0.285048,0.754543
1.60641E+15,0.206059,-0.0583763,1.08327,-0.098003,-0.275847,0.737254
1.60641E+15,0.208399,-0.0463416,1.06389,0.063324,-0.185359,0.830291
1.60641E+15,0.206534,-0.038504,1.04946,0.0432066,-0.220012,0.860377
1.60641E+15,0.205457,-0.0335279,1.03223,0.00738359,-0.127938,0.942923
1.60641E+15,0.201506,-0.0278531,1.02127,0.00366453,-0.134679,0.935594
1.60641E+15,0.195737,-0.0301223,1.01152,0.017771,-0.0781151,0.926384
1.60641E+15,0.193478,-0.0213906,1.00102,0.0454585,-0.0299137,0.910299
1.60641E+15,0.163361,0.032482,1.0002,0.0527536,-0.0140383,0.882092
1.60641E+15,-0.0280631,-0.0894195,0.850728,0.0427032,0.0139886,0.877737
1.60641E+15,-0.0820247,-0.0259106,0.851336,-0.0101877,0.0456161,0.872754
1.60641E+15,-0.0804717,-0.0205972,0.853907,-0.0192655,0.0522083,0.866075
1.60641E+15,-0.0812561,-0.0177941,0.850442,-0.0523296,-0.0109435,0.904491
1.60641E+15,-0.0820758,-0.0144158,0.846646,-0.0527625,-0.0110403,0.903654
1.60641E+15,0.0233249,0.0385186,0.861865,-0.0550213,-0.0130945,0.899319
1.60641E+15,0.0172468,0.0645069,0.858564,-0.0806825,-0.0539788,0.861598
1.60641E+15,0.0175916,0.0664728,0.856443,-0.0424021,-0.00147439,0.876348
1.60641E+15,0.0233714,0.00896511,0.88725,-0.0325843,-0.0264732,0.881814
1.60641E+15,0.0197942,0.0230532,0.884724,0.00932107,0.0566503,0.848565
1.60641E+15,0.0247022,0.0717554,0.85474,0.049304,0.189584,0.836502
1.60641E+15,0.0279596,0.0132936,0.878328,0.049297,0.189685,0.836862
1.60641E+15,0.0286719,0.0360752,0.868235,0.0720501,0.154794,0.842805
1.60641E+15,0.0232057,0.109117,0.851683,0.0735314,0.15334,0.843169
1.60641E+15,0.0226359,0.100797,0.853522,0.0504832,0.190486,0.837545
1.60641E+15,0.0587247,0.0272182,0.864004,0.050876,0.190595,0.837656
1.60641E+15,0.0249111,0.0339625,0.88025,0.0518586,0.190769,0.837419
1.60641E+15,0.0878129,0.110475,0.895633,0.0522899,0.190962,0.838029
1.60641E+15,0.194859,-0.077286,0.797707,0.0530824,0.191089,0.838578
1.60641E+15,0.204749,-0.0645413,0.811661,0.0543179,0.191251,0.838683
1.60641E+15,0.207564,-0.061009,0.799811,0.0552342,0.191122,0.838901
1.60641E+15,0.18472,0.0869132,0.875711,0.0562644,0.190956,0.839029
1.60641E+15,0.0297479,0.115941,0.856626,0.0576827,0.190816,0.838894
1.60641E+15,0.0297591,0.115867,0.856618,0.0589485,0.190803,0.838749
1.60641E+15,0.0297872,0.115807,0.856614,0.0598401,0.190689,0.83868
1.60641E+15,0.0218534,0.193699,0.852905,0.0604327,0.190506,0.838725
1.60641E+15,0.0298056,0.115752,0.856613,0.0608889,0.190493,0.838766
1.60641E+15,0.0165454,0.195917,0.852605,0.0849223,0.14401,0.84171
1.60641E+15,0.0450972,0.186106,0.861643,0.12663,0.12655,0.840163
1.60641E+15,0.0430765,0.183456,0.863017,0.0863686,0.146154,0.841811
1.60641E+15,0.0481483,0.18745,0.861239,0.0863479,0.145882,0.841823
1.60641E+15,0.0509159,0.188654,0.860419,0.086526,0.145897,0.841888
1.60641E+15,0.0450895,0.183083,0.862872,0.0870694,0.146094,0.841734
1.60641E+15,0.0474388,0.184332,0.861884,0.0872817,0.145964,0.841064
1.60641E+15,0.0503317,0.185128,0.86074,0.127712,0.125949,0.840285
1.60641E+15,0.0516641,0.185456,0.860331,0.0880823,0.146374,0.841199
1.60641E+15,0.0525723,0.185626,0.860113,0.135088,0.121813,0.838411
1.60641E+15,0.293798,-0.0746604,0.844585,0.0931249,0.147902,0.840607
1.60641E+15,0.293799,-0.0747411,0.844604,0.092942,0.147641,0.840738
1.60641E+15,0.293662,-0.0744271,0.844864,0.0923366,0.147282,0.841624
1.60641E+15,0.291978,-0.0718964,0.847321,0.0919597,0.146904,0.842154
1.60641E+15,0.291057,-0.0707176,0.848596,0.0914062,0.146651,0.842939
1.60641E+15,0.290414,-0.0699931,0.849505,0.0906332,0.146553,0.843735
1.60641E+15,0.289931,-0.0697205,0.85013,0.127241,0.122915,0.845725
1.60641E+15,0.289562,-0.0694097,0.850502,0.129402,0.116815,0.845929
1.60641E+15,0.290068,-0.0696556,0.850214,0.128229,0.120152,0.845075
1.60641E+15,0.289792,-0.0693362,0.850644,0.0236516,-0.0823389,0.867165
1.60641E+15,0.29072,-0.0697256,0.850155,0.0226306,-0.0887829,0.86216
1.60641E+15,0.29135,-0.0702489,0.849823,0.0225092,-0.091159,0.864728
1.60641E+15,0.291879,-0.0707631,0.849401,0.0223403,-0.0935415,0.865408
1.60641E+15,0.292089,-0.0710345,0.849188,0.0232876,-0.0863181,0.866027
1.60641E+15,0.292181,-0.0712728,0.848995,0.0251536,-0.0754434,0.864815
1.60641E+15,0.292467,-0.071755,0.848451,0.0230751,-0.0856861,0.867706
1.60641E+15,0.292682,-0.0722141,0.848216,0.0239548,-0.084353,0.870774
1.60641E+15,0.292798,-0.072595,0.848042,0.0248003,-0.0850863,0.871937
1.60641E+15,0.292885,-0.0728692,0.847922,0.0242585,-0.0902271,0.873545
1.60641E+15,0.29313,-0.0731998,0.847744,0.0253375,-0.0872888,0.874017
1.60641E+15,0.293332,-0.0737433,0.847566,0.025007,-0.0903943,0.875227
1.60641E+15,0.293491,-0.0742381,0.847475,0.0253246,-0.0938891,0.877768
1.60641E+15,0.293644,-0.0745537,0.84737,0.025605,-0.0964871,0.878729
1.60641E+15,0.293781,-0.0750935,0.847221,0.0256505,-0.0981759,0.879391
1.60641E+15,0.293824,-0.0752976,0.84719,0.0262755,-0.103803,0.881875
1.60641E+15,0.29404,-0.0755021,0.846798,0.026135,-0.117228,0.885017
1.60641E+15,0.284929,-0.0729645,0.847839,0.0950675,0.0818825,0.854419
1.60641E+15,0.287781,-0.072732,0.848713,0.149071,0.0950207,0.845554
1.60641E+15,0.28788,-0.0711174,0.851264,-0.0816217,0.00724248,0.842419
1.60641E+15,0.290484,-0.0676488,0.85677,-0.0812131,0.00716267,0.84286
1.60641E+15,0.26558,-0.0814546,0.850371,-0.0741196,0.00713489,0.845598
1.60641E+15,0.268498,-0.0831072,0.848583,-0.0565389,-0.0012323,0.845889
1.60641E+15,0.271756,-0.0858912,0.846635,-0.0321664,-0.140844,0.868639
1.60641E+15,0.304935,-0.0926012,0.837471,-0.0231072,-0.143612,0.869902
